Customer Name,Mail ID,Contact Number,Company,City
User 1,user1@example.com,9876501001,Company 1,City 1
User 2,user2@example.com,9876501002,Company 2,City 2
User 3,user3@example.com,9876501003,Company 3,City 3
User 4,user4@example.com,9876501004,Company 4,City 4
User 5,user5@example.com,9876501005,Company 5,City 0
User 6,user6@example.com,9876501006,Company 6,City 1
User 7,user7@example.com,9876501007,Company 7,City 2
User 8,user8@example.com,9876501008,Company 8,City 3
User 9,user9@example.com,9876501009,Company 9,City 4
User 10,user10@example.com,9876501010,Company 0,City 0
User 11,user11@example.com,9876501011,Company 1,City 1
User 12,user12@example.com,9876501012,Company 2,City 2
User 13,user13@example.com,9876501013,Company 3,City 3
User 14,user14@example.com,9876501014,Company 4,City 4
User 15,user15@example.com,9876501015,Company 5,City 0
User 16,user16@example.com,9876501016,Company 6,City 1
User 17,user17@example.com,9876501017,Company 7,City 2
User 18,user18@example.com,9876501018,Company 8,City 3
User 19,user19@example.com,9876501019,Company 9,City 4
User 20,user20@example.com,9876501020,Company 0,City 0
User 21,user21@example.com,9876501021,Company 1,City 1
User 22,user22@example.com,9876501022,Company 2,City 2
User 23,user23@example.com,9876501023,Company 3,City 3
User 24,user24@example.com,9876501024,Company 4,City 4
User 25,user25@example.com,9876501025,Company 5,City 0
User 26,user26@example.com,9876501026,Company 6,City 1
User 27,user27@example.com,9876501027,Company 7,City 2
User 28,user28@example.com,9876501028,Company 8,City 3
User 29,user29@example.com,9876501029,Company 9,City 4
User 30,user30@example.com,9876501030,Company 0,City 0
User 31,user31@example.com,9876501031,Company 1,City 1
User 32,user32@example.com,9876501032,Company 2,City 2
User 33,user33@example.com,9876501033,Company 3,City 3
User 34,user34@example.com,9876501034,Company 4,City 4
User 35,user35@example.com,9876501035,Company 5,City 0
User 36,user36@example.com,9876501036,Company 6,City 1
User 37,user37@example.com,9876501037,Company 7,City 2
User 38,user38@example.com,9876501038,Company 8,City 3
User 39,user39@example.com,9876501039,Company 9,City 4
User 40,user40@example.com,9876501040,Company 0,City 0
User 41,user41@example.com,9876501041,Company 1,City 1
User 42,user42@example.com,9876501042,Company 2,City 2
User 43,user43@example.com,9876501043,Company 3,City 3
User 44,user44@example.com,9876501044,Company 4,City 4
User 45,user45@example.com,9876501045,Company 5,City 0
User 46,user46@example.com,9876501046,Company 6,City 1
User 47,user47@example.com,9876501047,Company 7,City 2
User 48,user48@example.com,9876501048,Company 8,City 3
User 49,user49@example.com,9876501049,Company 9,City 4